name	number	email
Alexander	654490031	alex@gmail.com
Lum 	668855832	lum@gmail.com
Bismark	680755444	bismark@gmail.com
Abong	650202596	abong@gmail.com
Charles	677816510	charles@gmail.com
Belinga	655019243	belinga@gmail.com
Jonathan	123456789	johnathan@gmail.com
yoland	888888	ljkj@gmail.com
yolanda	88999999	yo@gmail.com
Ying	654321	ying@gmail.com
Yang	123456	yang@gmail.com
